H0002,P N Rao,CIVIL,pnrao@hyderabad.bits-pilani.ac.in
H0004,N Rajesh ,CHEMISTRY,nrajesh@hyderabad.bits-pilani.ac.in
H0005,Morapakala Srinivas ,MECHANICAL,morasrini@hyderabad.bits-pilani.ac.in
H0006,Dipak Kumar Satpathi,MATH,dipak@hyderabad.bits-pilani.ac.in
H0008,D Sriram ,PHARMACY,dsriram@hyderabad.bits-pilani.ac.in
H0009,Chittaranjan Hota ,CS,hota@hyderabad.bits-pilani.ac.in
H0010,Vidya Rajesh ,BIO,vidya@hyderabad.bits-pilani.ac.in
H0011,P Yogeeswari ,PHARMACY,pyogee@hyderabad.bits-pilani.ac.in
H0012,Addepalli Ramu ,MATH,aramu@hyderabad.bits-pilani.ac.in
H0013,P K Thiruvikraman ,PHY,thiru@hyderabad.bits-pilani.ac.in
H0014,I Sreedhar ,CHEMICAL,isreedhar@hyderabad.bits-pilani.ac.in
H0015,Souri Banerjee ,PHY,Souri@hyderabad.bits-pilani.ac.in
H0017,V Vinayaka Ram ,CIVIL,vinayak@hyderabad.bits-pilani.ac.in
H0022,R Gururaj ,CS,gururaj@hyderabad.bits-pilani.ac.in
H0025,Nandanavanam Jalaiah ,MECHANICAL,jalaiah@hyderabad.bits-pilani.ac.in
H0031,D Purnima ,CHEMICAL,dpurnima@hyderabad.bits-pilani.ac.in
H0046,Anupam Bhattacharya ,CHEMISTRY,anupam@hyderabad.bits-pilani.ac.in
H0048,G Geethakumari ,CS,geetha@hyderabad.bits-pilani.ac.in
H0053,Amit Kumar Gupta ,MECHANICAL,akgupta@hyderabad.bits-pilani.ac.in
H0068,Jayati Ray Dutta ,BIO,jayati@hyderabad.bits-pilani.ac.in
H0071,Vasan A ,CIVIL,vasan@hyderabad.bits-pilani.ac.in
H0078,Kannan Ramaswamy ,PHY,kannan@hyderabad.bits-pilani.ac.in
H0079,Kumar Pranav Narayan ,BIO,pranav@hyderabad.bits-pilani.ac.in
H0089,Komaragiri Srinivasa Raju ,CIVIL,ksraju@hyderabad.bits-pilani.ac.in
H0090,K V G Chandra Sekhar ,CHEMISTRY,kvgc@hyderabad.bits-pilani.ac.in
H0091,Ramakrishna Vadrevu ,BIO,vrk@hyderabad.bits-pilani.ac.in
H0092,Srinivas M B ,EEE,mbs@hyderabad.bits-pilani.ac.in
H0093,Srinivasa Prakash Regalla ,MECHANICAL,regalla@hyderabad.bits-pilani.ac.in
H0095,Aravinda Narayanan Raghavan ,PHY,raghavan@hyderabad.bits-pilani.ac.in
H0101,Prasuna M G ,HUMANITIES,prasuna@hyderabad.bits-pilani.ac.in
H0103,Bivudutta Mishra ,MATH,bivu@hyderabad.bits-pilani.ac.in
H0104,B Harihara Venkataraman ,PHY,hari@hyderabad.bits-pilani.ac.in
H0114,Kota Venkata Ratnam ,MATH,vrkota@hyderabad.bits-pilani.ac.in
H0117,Praveen Kumar P T V ,MATH,praveen@hyderabad.bits-pilani.ac.in
H0118,Sankar Ganesh P ,BIO,sangan@hyderabad.bits-pilani.ac.in
H0125,Pradyumn Kumar Sahoo ,MATH,pksahoo@hyderabad.bits-pilani.ac.in
H0127,Sumithra Kanakamma ,CHEMISTRY,sumithra@hyderabad.bits-pilani.ac.in
H0131,Subbalakshmi Jayanty ,CHEMISTRY,jslakshmi@hyderabad.bits-pilani.ac.in
H0136,Meenakshi V ,PHY,meenakshi@hyderabad.bits-pilani.ac.in
H0140,A Michael Alphonse ,MATH,alphonse@hyderabad.bits-pilani.ac.in
H0141,Krishnan R ,CHEMISTRY,rkrishnan@hyderabad.bits-pilani.ac.in
H0145,Punna Rao Ravi ,PHARMACY,rpunnarao@hyderabad.bits-pilani.ac.in
H0146,Syed Ershad Ahmed ,EEE,syed@hyderabad.bits-pilani.ac.in
H0148,China Hussain Yaganti ,ECO,hussain@hyderabad.bits-pilani.ac.in
H0149,Bvvsn Prabhakar Rao ,EEE,budhiraju@hyderabad.bits-pilani.ac.in
H0161,Kurra Suresh ,MECHANICAL,ksuresh@hyderabad.bits-pilani.ac.in
H0162,Jagadeesh Anmala ,CIVIL,jagadeesh@hyderabad.bits-pilani.ac.in
H0166,Jeevan Jaidi ,MECHANICAL,jaidi@hyderabad.bits-pilani.ac.in
H0177,Y Venkat Daseswara Rao ,MECHANICAL,yvdrao@hyderabad.bits-pilani.ac.in
H0184,Balaji Gopalan ,CHEMISTRY,gbalaji@hyderabad.bits-pilani.ac.in
H0190,Manab Chakravarty ,CHEMISTRY,manab@hyderabad.bits-pilani.ac.in
H0202,A Sajeli Begum ,PHARMACY,sajeli@hyderabad.bits-pilani.ac.in
H0205,Aruna Malapati ,CS,arunam@hyderabad.bits-pilani.ac.in
H0207,Sai Lakshmi Radhika Tantravahi ,MATH,radhikatsl@hyderabad.bits-pilani.ac.in
H0208,Lalita Bhanu Murthy Neti ,CS,bhanu@hyderabad.bits-pilani.ac.in
H0216,K Rajitha ,CIVIL,rajitha@hyderabad.bits-pilani.ac.in
H0218,Venkata Vamsi Krishna Venuganti,PHARMACY,vamsi@hyderabad.bits-pilani.ac.in
H0220,Balaji Krishnamurthy ,CHEMICAL,balaji@hyderabad.bits-pilani.ac.in
H0226,Ramesh Babu Adusumalli ,CHEMICAL,ramesh.babu@hyderabad.bits-pilani.ac.in
H0228,Suman Kapur ,BIO,skapur@hyderabad.bits-pilani.ac.in
H0230,N Suresh Kumar Reddy ,MECHANICAL,nskreddy@hyderabad.bits-pilani.ac.in
H0235,V Satya Narayana Murthy ,PHY,satyam@hyderabad.bits-pilani.ac.in
H0245,Murari Raja Raja Varma,CIVIL,murari@hyderabad.bits-pilani.ac.in
H0250,Sashideep Gutti ,PHY,sashideep@hyderabad.bits-pilani.ac.in
H0263,Srikanta Dinda ,CHEMICAL,srikantadinda@hyderabad.bits-pilani.ac.in
H0283,Chetan Kumar Vudadha ,EEE,chetan@hyderabad.bits-pilani.ac.in
H0284,Swati Alok ,ECO,swati@hyderabad.bits-pilani.ac.in
H0285,Chandu Parimi,CIVIL,parimi@hyderabad.bits-pilani.ac.in
H0287,Aruna Lolla,HUMANITIES,aruna@hyderabad.bits-pilani.ac.in
H0289,Tathagata Ray,CS,rayt@hyderabad.bits-pilani.ac.in
H0290,Subhendu Kumar Sahoo,EEE,Sahoo@hyderabad.bits-pilani.ac.in
H0292,Nitin Rameshrao Kotkunde ,MECHANICAL,nitink@hyderabad.bits-pilani.ac.in
H0296,Maya Vinai,HUMANITIES,mayavinai@hyderabad.bits-pilani.ac.in
H0305,K V S Shiv Chaitanya,PHY,chaitanya@hyderabad.bits-pilani.ac.in
H0313,Ramakrishnan Ganesan,CHEMISTRY,ram.ganesan@hyderabad.bits-pilani.ac.in
H0317,Sridev Mohapatra,BIO,sridev.mohapatra@hyderabad.bits-pilani.ac.in
H0318,Amit Nag,CHEMISTRY,amitnag@hyderabad.bits-pilani.ac.in
H0319,Alivelu Manga Parimi,EEE,alivelu@hyderabad.bits-pilani.ac.in
H0322,Naga Mohan Kommu,BIO,mohankn@hyderabad.bits-pilani.ac.in
H0324,Asrarul Haque,PHY,ahaque@hyderabad.bits-pilani.ac.in
H0326,Surender Singh,CS,surender.samant@hyderabad.bits-pilani.ac.in
H0327,Sounak Roy,CHEMISTRY,Sounak.roy@hyderabad.bits-pilani.ac.in
H0329,Prasant Kumar Pattnaik,EEE,pkpattnaik@hyderabad.bits-pilani.ac.in
H0330,Karthik Venkateshan,CHEMICAL,kvenk@hyderabad.bits-pilani.ac.in
H0333,Rahul Nigam,PHY,rahul.nigam@hyderabad.bits-pilani.ac.in
H0344,Sandip Shridharrao Deshmukh,MECHANICAL,ssd@hyderabad.bits-pilani.ac.in
H0354,Manish Kumar,MATH,manishkumar@hyderabad.bits-pilani.ac.in
H0355,Durgesh Chandra Pathak,ECO,pathakdc@hyderabad.bits-pilani.ac.in
H0356,Sarmishtha Banik,PHY,sarmistha.banik@hyderabad.bits-pilani.ac.in
H0357,Debasri Bandyopadhyay,BIO,banerjee.debi@hyderabad.bits-pilani.ac.in
H0360,Sudatta Banerjee,ECO,sudatta@hyderabad.bits-pilani.ac.in
H0375,Phaneendra Kiran C,MECHANICAL,cpkiran@hyderabad.bits-pilani.ac.in
H0377,Swati Biswas,PHARMACY,swati.biswas@hyderabad.bits-pilani.ac.in
H0378,Jaganmohan Jonnalagadda,MATH,jjaganmohan@hyderabad.bits-pilani.ac.in
H0380,Durba Roy,CHEMISTRY,durbaroy@hyderabad.bits-pilani.ac.in
H0384,Sumit Kumar Vishwakarma,MATH,sumitkumar@hyderabad.bits-pilani.ac.in
H0388,Vikranth Kumar Surasani,CHEMICAL,surasani@hyderabad.bits-pilani.ac.in
H0389,Khalid Anwar,MECHANICAL,khalid@hyderabad.bits-pilani.ac.in
H0395,Pamidipati Sirisha Nagaraju Padmaja,CHEMICAL,sirisha@hyderabad.bits-pilani.ac.in
H0397,Balaram Ghosh,PHARMACY,balaram@hyderabad.bits-pilani.ac.in
H0406,Onkar P Kulkarni,PHARMACY,onkar@hyderabad.bits-pilani.ac.in
H0410,Naraparaju Kishore Kumar,MATH,naraparaju@hyderabad.bits-pilani.ac.in
H0411,Amrita Priyadarshini,MECHANICAL,amrita@hyderabad.bits-pilani.ac.in
H0416,Arti Dhar,PHARMACY,artidhar@hyderabad.bits-pilani.ac.in
H0417,Runa Kumari,EEE,runakumari@hyderabad.bits-pilani.ac.in
H0423,Santosh Kumar Mahapatra,HUMANITIES,santosh@hyderabad.bits-pilani.ac.in
H0424,Venkateswaran Rajagopalan,EEE,venkateswaran@hyderabad.bits-pilani.ac.in
H0429,Archana Srivastava,ECO,archana@hyderabad.bits-pilani.ac.in
H0431,Sabareesh Geetha Rajasekharan,MECHANICAL,sabareesh@hyderabad.bits-pilani.ac.in
H0437,G Sundar,CHEMISTRY,sundar@hyderabad.bits-pilani.ac.in
H0438,Niranjan Swain,ECO,niranjanswain@hyderabad.bits-pilani.ac.in
H0461,R Parameshwaran,MECHANICAL,parameshwaranr@hyderabad.bits-pilani.ac.in
H0468,Sunny Jose G,HUMANITIES,sunny@hyderabad.bits-pilani.ac.in
H0469,Sumit Kumar Chatterjee,EEE,sumit2702@hyderabad.bits-pilani.ac.in
H0470,Satish Kumar Dubey,MECHANICAL,satishdubey@hyderabad.bits-pilani.ac.in
H0471,Mohan S C,CIVIL,mohansc@hyderabad.bits-pilani.ac.in
H0473,Sharan Gopal,MATH,sharan@hyderabad.bits-pilani.ac.in
H0475,Soumya J,EEE,soumyaj@hyderabad.bits-pilani.ac.in
H0476,Anasua Guharay,CIVIL,guharay@hyderabad.bits-pilani.ac.in
H0477,Arkamitra Kar,CIVIL,arkamitra.kar@hyderabad.bits-pilani.ac.in
H0479,Souvik Kundu,EEE,souvik.kundu@hyderabad.bits-pilani.ac.in
H0481,Sridhar R,CIVIL,sridhar.raju@hyderabad.bits-pilani.ac.in
H0483,Arshad Javed,MECHANICAL,arshad@hyderabad.bits-pilani.ac.in
H0486,Supradeepan K,MECHANICAL,supradeepan@hyderabad.bits-pilani.ac.in
H0488,Sanket Goel,EEE,sgoel@hyderabad.bits-pilani.ac.in
H0490,Sujith R,MECHANICAL,sujith@hyderabad.bits-pilani.ac.in
H0498,Ram Chandra Murthy Kalluri,MECHANICAL,rcmurthy@hyderabad.bits-pilani.ac.in
H0499,N Anil,MATH,anil@hyderabad.bits-pilani.ac.in
H0500,Biswanath Dash,HUMANITIES,biswanath@hyderabad.bits-pilani.ac.in
H0502,Santanu Prasad Datta,MECHANICAL,spdatta@hyderabad.bits-pilani.ac.in
H0503,Surya Shankar Dan,EEE,ssdan@hyderabad.bits-pilani.ac.in
H0516,Thota Nagaraju,ECO,nagaraju@hyderabad.bits-pilani.ac.in
H0518,Ramakant ,EEE,ramakant@hyderabad.bits-pilani.ac.in
H0520,Sandeep Kumar,EEE,skverma@hyderabad.bits-pilani.ac.in
H0528,Rishi Kumar,ECO,rishikumar@hyderabad.bits-pilani.ac.in
H0529,Barsha Mitra,CS,barsha.mitra@hyderabad.bits-pilani.ac.in
H0535,Balasubramanian M,EEE,balasubramanian@hyderabad.bits-pilani.ac.in
H0537,Pavan Kumar Penumakala,MECHANICAL,pavankp@hyderabad.bits-pilani.ac.in
H0538,Dushyant Kumar,ECO,dushyant@hyderabad.bits-pilani.ac.in
H0547,Suvadip Batabyal,CS,sbatabyal@hyderabad.bits-pilani.ac.in
H0549,Mini Thomas P,ECO,mini@hyderabad.bits-pilani.ac.in
H0550,Subhrakanta Panda,CS,spanda@hyderabad.bits-pilani.ac.in
H0557,Sunny Kumar Singh,ECO,sunny.singh@hyderabad.bits-pilani.ac.in
H0558,Bheemeshwar Reddy A,ECO,bheem@hyderabad.bits-pilani.ac.in
H0561,Suchismita Satpathy,HUMANITIES,suchi@hyderabad.bits-pilani.ac.in
H0564,Vivek Sharma,BIO,viveksharma@hyderabad.bits-pilani.ac.in
H0565,Jamma Trinath,BIO,trinath@hyderabad.bits-pilani.ac.in
H0566,Lavanya Suresh,HUMANITIES,lavanya@hyderabad.bits-pilani.ac.in
H0568,Pranesh Bhargava,HUMANITIES,pranesh@hyderabad.bits-pilani.ac.in
H0569,Sudeepta Mishra,CS,sudeepta@hyderabad.bits-pilani.ac.in
H0573,Mithun Mondal,EEE,mithun@hyderabad.bits-pilani.ac.in
H0575,Saroj Mondal,EEE,saroj@hyderabad.bits-pilani.ac.in
H0576,Gireesha Thipperudrappa Mohannath,BIO,gireesha@hyderabad.bits-pilani.ac.in
H0579,Subhash Narayan Karbelkar,PHY,snkarbelkar@hyderabad.bits-pilani.ac.in
H0580,Bahurudeen A,CIVIL,bahur@hyderabad.bits-pilani.ac.in
H0581,Ruchi Jain Dey,BIO,ruchij80@hyderabad.bits-pilani.ac.in
H0583,Piyush Khandelia,BIO,piyush.khandelia@hyderabad.bits-pilani.ac.in
H0593,Pragya Komal,BIO,pragya@hyderabad.bits-pilani.ac.in
H0595,Sudha Radhika,EEE,sradhika@hyderabad.bits-pilani.ac.in
H0598,Prasant Kumar Samantray,PHY,prasant.samantray@hyderabad.bits-pilani.ac.in
H0602,Tanmay Chatterjee,CHEMISTRY,tanmay@hyderabad.bits-pilani.ac.in
H0603,Angan Sengupta,CHEMICAL,angan@hyderabad.bits-pilani.ac.in
H0604,Jhuma Sen Gupta,MATH,jhuma@hyderabad.bits-pilani.ac.in
H0605,Harish Vijay Dixit,EEE,hvdixit@hyderabad.bits-pilani.ac.in
H0606,Amarthaluri Satyapaul Singh,CHEMICAL,satyapaul@hyderabad.bits-pilani.ac.in
H0607,Lov Kumar,CS,lovkumar@hyderabad.bits-pilani.ac.in
H0608,Nirmal Jayabalan,PHARMACY,nirmalj@hyderabad.bits-pilani.ac.in
H0609,Swastik Bhattacharya,PHY,swastik@hyderabad.bits-pilani.ac.in
H0613,Bandhan Bandhu Majumdar,CIVIL,majumdar@hyderabad.bits-pilani.ac.in
H0615,Vajjha Venkata Hara Gopal,MATH,haragopal_vajjha@hyderabad.bits-pilani.ac.in
H0618,Akash Chaurasiya,PHARMACY,akashc@hyderabad.bits-pilani.ac.in
H0620,Jayesh A K,HUMANITIES,jayesh@hyderabad.bits-pilani.ac.in
H0622,J Jabez Christopher,CS,jabezc@hyderabad.bits-pilani.ac.in
H0623,B Nandini,CHEMICAL,nandini@hyderabad.bits-pilani.ac.in
H0624,Sourav Nandi,EEE,souvrav@hyderabad.bits-pilani.ac.in
H0626,Odelu Vanga,CS,odelu.vanga@hyderabad.bits-pilani.ac.in
H0631,Santanu Koley,MATH,santanu@hyderabad.bits-pilani.ac.in
H0632,Rajesh Kumar Tripathy,EEE,tripathyrk@hyderabad.bits-pilani.ac.in
H0633,R N Ponnalagu,EEE,ponnalagu@hyderabad.bits-pilani.ac.in
H0636,Aranya Bhuti Bhattacharjee,PHY,aranyabhuti@hyderabad.bits-pilani.ac.in
H0638,Sayan Kanungo,EEE,sayan.kanungo@hyderabad.bits-pilani.ac.in
H0640,Narasimha Bolloju,CS,narsi.bolloju@hyderabad.bits-pilani.ac.in
H0641,Deepika ,MATH,deepika@hyderabad.bits-pilani.ac.in
H0648,Karumbaiah C N,EEE,karumcn@hyderabad.bits-pilani.ac.in
H0649,Anhiti Patnaik,HUMANITIES,anhitipatnaik@hyderabad.bits-pilani.ac.in
H0650,Paresh Saxena,CS,psaxena@hyderabad.bits-pilani.ac.in
H0652,Aswathy Raveendran,HUMANITIES,aswathy@hyderabad.bits-pilani.ac.in
H0657,Ravi Shanker Vidyarthy,MECHANICAL,ravi.vidyarthyfme@hyderabad.bits-pilani.ac.in
H0658,Pardha Saradhi Gurugubelli Venkata,MECHANICAL,pardhasg@hyderabad.bits-pilani.ac.in
H0659,Prasanta Kumar Sahu,CIVIL,prasanta.sahu@hyderabad.bits-pilani.ac.in
H0660,Raghunathan Rajasekaran,ECO,raghu@hyderabad.bits-pilani.ac.in
H0661,Parikshit Parshuram Sahatiya,EEE,parikshit@hyderabad.bits-pilani.ac.in
H0662,Shilpaa Anand,HUMANITIES,shilpaa.anand@hyderabad.bits-pilani.ac.in
H0666,Subit Kumar Saha,CHEMISTRY,sksaha@hyderabad.bits-pilani.ac.in
H0669,Rajib Ranjan Maiti,CS,rajibrm@hyderabad.bits-pilani.ac.in
H0670,Prashant K Wali,EEE,wali@hyderabad.bits-pilani.ac.in
H0672,Himanshu Aggarwal,CHEMISTRY,himanshu.aggarwal@hyderabad.bits-pilani.ac.in
H0674,Debopam Chakraborty,MATH,debopam@hyderabad.bits-pilani.ac.in
H0676,Piyush Chandra Verma,MECHANICAL,piyushchandraverma@hyderabad.bits-pilani.ac.in
H0677,Nemiraja Jadiyappa,ECO,nemiraja@hyderabad.bits-pilani.ac.in
H0678,Gujji Murali Mohan Reddy,MATH,gmmreddy@hyderabad.bits-pilani.ac.in
H0680,Nirman Ganguly,MATH,nirmanganguly@hyderabad.bits-pilani.ac.in
H0682,Nivedita Sinha,ECO,nivedita.sinha@hyderabad.bits-pilani.ac.in
H0684,Md Zakaria Siddiqui ,HUMANITIES,mzsiddiqui@hyderabad.bits-pilani.ac.in
H0686,Anubhav Sinha,MECHANICAL,anubhav@hyderabad.bits-pilani.ac.in
H0687,Shreya Biswas,ECO,shreya@hyderabad.bits-pilani.ac.in
H0688,Pratyusha Chattopadhyay,MATH,pratyusha@hyderabad.bits-pilani.ac.in
H0689,Manjanna B,CS,manjanna@hyderabad.bits-pilani.ac.in
H0698,Brajesh Kumar Panigrahi,MECHANICAL,brajesh@hyderabad.bits-pilani.ac.in
H0699,Manik Gupta,CS,manik@hyderabad.bits-pilani.ac.in
H0700,Dipanjan Chakraborty,CS,dipanjan@hyderabad.bits-pilani.ac.in